{"Confirmation Questions": 0.7751322751322751, "Factoid-type Questions": 0.7406384284837323, "List-type Questions": 0.7244444444444444, "Causal Questions": 0.8663366336633663, "Hypothetical Questions": 0.7986463620981387, "Complex Questions": 0.8356807511737088}