{"Confirmation Questions": 0.7767195767195767, "Factoid-type Questions": 0.7453345610804173, "List-type Questions": 0.7274444444444444, "Causal Questions": 0.8633663366336634, "Hypothetical Questions": 0.8034686971235194, "Complex Questions": 0.8382159624413146}