{"Confirmation Questions": 0.8095238095238095, "Factoid-type Questions": 0.7974217311233885, "List-type Questions": 0.7733333333333333, "Causal Questions": 0.8811881188118812, "Hypothetical Questions": 0.8324873096446701, "Complex Questions": 0.8535211267605634}