{"Confirmation Questions": 0.8015873015873016, "Factoid-type Questions": 0.7734806629834254, "List-type Questions": 0.76, "Causal Questions": 0.8712871287128713, "Hypothetical Questions": 0.8223350253807107, "Complex Questions": 0.847887323943662}