{
    "BERT": 2.114030149787439,
    "GPT3.5": 0.8485899370055848,
    "Yi": 0.5371296569796308,
    "NaiveModel": 0.680265009789423,
    "SFTV2Model": 0.8703874736092483,
    "SFTV0Model": 0.7044325736581373
}