{
    "BERT": -3.561789035797119,
    "GPT3.5": -0.12389132380485535,
    "Yi": 0.8237504959106445,
    "NaiveModel": 0.4144870340824127,
    "SFTV2Model": -0.08929190784692764,
    "SFTV0Model": -0.9084810018539429,
    "DPOModel": 0.6130965352058411
}