{
    "BERT": 1.0000000023841857,
    "GPT3.5": 0.9999999952316284,
    "Yi": 0.9891268615126606,
    "NaiveModel": 1.0000000019073487,
    "SFTV2Model": 0.9998609310388565,
    "SFTV0Model": 1.000000025093555
}