{
    "BERT": 0.1284096533676744,
    "GPT3.5": 0.0642839798322208,
    "Yi": 0.058347152779605775,
    "NaiveModel": 0.06727299169118789,
    "SFTV2Model": 0.07068998112576871,
    "SFTV0Model": 0.07341723311340785,
    "DPOModel": 0.06265148331224216
}