{
    "BERT": {
        "precision": 0.8224911605119705,
        "recall": 0.8016986590623856,
        "f1": 0.8112247012853623
    },
    "GPT3.5": {
        "precision": 0.9986487867832183,
        "recall": 0.9984982963800431,
        "f1": 0.9985728808641434
    },
    "Yi": {
        "precision": 0.8865281876325607,
        "recall": 0.9267256816625595,
        "f1": 0.9058292596340175
    },
    "NaiveModel": {
        "precision": 0.9262975307703019,
        "recall": 0.9481859720945358,
        "f1": 0.9367648061513901
    },
    "SFTV2Model": {
        "precision": 0.9439970947504046,
        "recall": 0.9329901045560837,
        "f1": 0.9382001740932467
    },
    "SFTV0Model": {
        "precision": 0.8382739542722702,
        "recall": 0.9412783355712886,
        "f1": 0.8835324478149417
    },
    "DPOModel": {
        "precision": 0.9106184833049774,
        "recall": 0.9431392909288409,
        "f1": 0.9262407115697865
    }
}