{
    "BERT": 0.9666289579868317,
    "GPT3.5": 0.9632691550254822,
    "Yi": 0.9382624300718307,
    "NaiveModel": 0.952614644408226,
    "SFTV2Model": 0.9680857052803039,
    "SFTV0Model": 0.9491922223567962,
    "DPOModel": 0.9462907651662826
}